profile	1.1.0	1.1.0-e23cd7e4f-sm_86	cpu_arch=x86_64,gpu_arch=sm_86,cuda_version=12.2.140	# Last updated Wed May 28 00:47:35 2025

  total time	     percent	cum. percent	       calls	 time / call	          volume	name	aux	comment
    0.369444	     47.9613	     47.9613	       24000	 1.53935e-05	        4x8x8x32	N4quda26WilsonCloverPreconditionedINS_15WilsonCloverArgIsLi3ELi4EL21QudaReconstructType_s12ELb0EEEEE	policy,GPU-offline,vol=8192,parity=1,precision=2,order=8,Ns=4,Nc=3,commDim=0000,xpay,n_rhs=1,n_rhs_tile=1,topo=1111,p2p=0,gdr=0,nvshmem=0,pol=110000000000000000	# 1021.77 Gflop/s, 383.17 GB/s, tuning took 0.002114 seconds at Wed Apr  2 16:47:08 2025
    0.333862	      43.342	     91.3033	       24000	 1.39109e-05	        4x8x8x32	N4quda26WilsonCloverPreconditionedINS_15WilsonCloverArgIsLi3ELi4EL21QudaReconstructType_s12ELb0EEEEE	policy,GPU-offline,vol=8192,parity=1,precision=2,order=8,Ns=4,Nc=3,commDim=0000,n_rhs=1,n_rhs_tile=1,topo=1111,p2p=0,gdr=0,nvshmem=0,pol=110000000000000000	# 1102.41 Gflop/s, 424.00 GB/s, tuning took 0.002138 seconds at Wed Apr  2 16:47:08 2025
   0.0471986	     6.12734	     97.4306	         240	 0.000196661	        8x8x8x32	N4quda7LaplaceINS_10LaplaceArgIdLi4ELi3ELi4EL21QudaReconstructType_s18EEEEE	policy,GPU-offline,vol=16384,parity=2,precision=8,order=2,Ns=4,Nc=3,commDim=0000,xpay,n_rhs=1,n_rhs_tile=1,laplace=3,topo=1111,p2p=0,gdr=0,nvshmem=0,pol=110000000000000000	# 145.96 Gflop/s, 167.96 GB/s, tuning took 0.004384 seconds at Tue May 27 22:32:55 2025
  0.00719101	    0.933538	     98.3642	          38	 0.000189237	        4x8x8x32	N4quda26WilsonCloverPreconditionedINS_15WilsonCloverArgIdLi3ELi4EL21QudaReconstructType_s12ELb0EEEEE	policy,GPU-offline,vol=8192,parity=1,precision=8,order=2,Ns=4,Nc=3,commDim=0000,xpay,n_rhs=1,n_rhs_tile=1,topo=1111,p2p=0,gdr=0,nvshmem=0,pol=110000000000000000	# 83.12 Gflop/s, 119.13 GB/s, tuning took 0.004210 seconds at Wed Apr  2 16:47:09 2025
  0.00710144	     0.92191	     99.2861	          38	  0.00018688	        4x8x8x32	N4quda26WilsonCloverPreconditionedINS_15WilsonCloverArgIdLi3ELi4EL21QudaReconstructType_s12ELb0EEEEE	policy,GPU-offline,vol=8192,parity=1,precision=8,order=2,Ns=4,Nc=3,commDim=0000,n_rhs=1,n_rhs_tile=1,topo=1111,p2p=0,gdr=0,nvshmem=0,pol=110000000000000000	# 82.06 Gflop/s, 120.64 GB/s, tuning took 0.004159 seconds at Wed Apr  2 16:47:08 2025
  0.00285859	    0.371103	     99.6572	          24	 0.000119108	        4x8x8x32	N4quda6WilsonINS_9WilsonArgIdLi3ELi4EL21QudaReconstructType_s12ELb0EEEEE	policy,GPU-offline,vol=8192,parity=1,precision=8,order=2,Ns=4,Nc=3,commDim=0000,xpay,n_rhs=1,n_rhs_tile=1,topo=1111,p2p=0,gdr=0,nvshmem=0,pol=110000000000000000	# 94.09 Gflop/s, 158.47 GB/s, tuning took 0.003390 seconds at Wed Apr  2 16:47:08 2025
   0.0026408	    0.342829	         100	          72	 3.66777e-05	        8x8x8x32	N4quda6CovDevINS_9CovDevArgIdLi4ELi3EL21QudaReconstructType_s18ELi4EEEEE	policy,GPU-offline,vol=16384,parity=2,precision=8,order=2,Ns=4,Nc=3,commDim=0000,n_rhs=1,n_rhs_tile=1,mu=2,topo=1111,p2p=0,gdr=0,nvshmem=0,pol=110000000000000000	# 117.93 Gflop/s, 235.86 GB/s, tuning took 0.003035 seconds at Wed May 28 00:47:35 2025

# Total time spent in asynchronous execution = 0.770296 seconds
